{
    "docTitle": {
        "text": "DAYS WITHOUT THE SUN"
    },
    "navMap": {
        "navPoint": [{
                "-id": "umO4qfurLmfUPgr2Vu7njDF",
                "-playOrder": "1",
                "navLabel": {
                    "text": "Unnamed"
                },
                "content": {
                    "-src": "OEBPS/00246-AU_Vo_Hiep_txt_split_000.xhtml"
                }
            },
            {
                "-id": "ugWzrdbD3EVPgSk7wrsUWCD",
                "-playOrder": "2",
                "navLabel": {
                    "text": "Unnamed"
                },
                "content": {
                    "-src": "OEBPS/00246-AU_Vo_Hiep_txt_split_001.xhtml"
                }
            },
            {
                "-id": "uyWvzyWPpRbYfx7ERKeNdb7",
                "-playOrder": "3",
                "navLabel": {
                    "text": "Unnamed"
                },
                "content": {
                    "-src": "OEBPS/00246-AU_Vo_Hiep_txt_split_002.xhtml"
                }
            },
            {
                "-id": "u5csmgYBsNl2jB4ajpN9OzE",
                "-playOrder": "4",
                "navLabel": {
                    "text": "Unnamed"
                },
                "content": {
                    "-src": "OEBPS/00246-AU_Vo_Hiep_txt_split_003.xhtml"
                }
            },
            {
                "-id": "uY9JzkguwZgDT4nnY6VTH49",
                "-playOrder": "5",
                "navLabel": {
                    "text": "Unnamed"
                },
                "content": {
                    "-src": "OEBPS/00246-AU_Vo_Hiep_txt_split_004.xhtml"
                }
            },
            {
                "-id": "uEwwlQWZcKCF8k736AaxBmA",
                "-playOrder": "6",
                "navLabel": {
                    "text": "Unnamed"
                },
                "content": {
                    "-src": "OEBPS/00246-AU_Vo_Hiep_txt_split_005.xhtml"
                }
            },
            {
                "-id": "uWbsTjS7RcFY66JXtbb8HLB",
                "-playOrder": "7",
                "navLabel": {
                    "text": "Unnamed"
                },
                "content": {
                    "-src": "OEBPS/00246-AU_Vo_Hiep_txt_split_007.xhtml"
                }
            },
            {
                "-id": "uFBGXPTGgTd7xEJ53fbbuWB",
                "-playOrder": "8",
                "navLabel": {
                    "text": "Unnamed"
                },
                "content": {
                    "-src": "OEBPS/00246-AU_Vo_Hiep_txt_split_008.xhtml"
                }
            },
            {
                "-id": "u3BYLF7MFyS2JiqZkMxgVFD",
                "-playOrder": "9",
                "navLabel": {
                    "text": "Unnamed"
                },
                "content": {
                    "-src": "OEBPS/00246-AU_Vo_Hiep_txt_split_009.xhtml"
                }
            },
            {
                "-id": "u3hegUZlyMwdbqHIBIpjd28",
                "-playOrder": "10",
                "navLabel": {
                    "text": "Unnamed"
                },
                "content": {
                    "-src": "OEBPS/00246-AU_Vo_Hiep_txt_split_010.xhtml"
                }
            },
            {
                "-id": "u25SWVMt2Cmz5s4TVdwV3qF",
                "-playOrder": "11",
                "navLabel": {
                    "text": "Unnamed"
                },
                "content": {
                    "-src": "OEBPS/00246-AU_Vo_Hiep_txt_split_011.xhtml"
                }
            },
            {
                "-id": "uaYkpBka5UDjuvNoIqgMLM2",
                "-playOrder": "12",
                "navLabel": {
                    "text": "Unnamed"
                },
                "content": {
                    "-src": "OEBPS/00246-AU_Vo_Hiep_txt_split_012.xhtml"
                }
            },
            {
                "-id": "uoNNgO7gAt4IN48LtjG3PQC",
                "-playOrder": "13",
                "navLabel": {
                    "text": "Unnamed"
                },
                "content": {
                    "-src": "OEBPS/00246-AU_Vo_Hiep_txt_split_013.xhtml"
                }
            },
            {
                "-id": "uTO2azetuTOsIcwWIX7KII9",
                "-playOrder": "14",
                "navLabel": {
                    "text": "Unnamed"
                },
                "content": {
                    "-src": "OEBPS/00246-AU_Vo_Hiep_txt_split_015.xhtml"
                }
            },
            {
                "-id": "uPasuiZ9e2SLjPhrHuQXbqA",
                "-playOrder": "15",
                "navLabel": {
                    "text": "Unnamed"
                },
                "content": {
                    "-src": "OEBPS/00246-AU_Vo_Hiep_txt_split_016.xhtml"
                }
            },
            {
                "-id": "uBA3DNyStL5BBn6TVPxNDzD",
                "-playOrder": "16",
                "navLabel": {
                    "text": "Unnamed"
                },
                "content": {
                    "-src": "OEBPS/00246-AU_Vo_Hiep_txt_split_017.xhtml"
                }
            },
            {
                "-id": "ujzbSPnh9eFmWo9FdE3SK8H",
                "-playOrder": "17",
                "navLabel": {
                    "text": "Unnamed"
                },
                "content": {
                    "-src": "OEBPS/00246-AU_Vo_Hiep_txt_split_018.xhtml"
                }
            },
            {
                "-id": "ufNNGfGklYb8zj2bwMXCUN4",
                "-playOrder": "18",
                "navLabel": {
                    "text": "Unnamed"
                },
                "content": {
                    "-src": "OEBPS/00246-AU_Vo_Hiep_txt_split_019.xhtml"
                }
            },
            {
                "-id": "uxY53SSDJ2mzAGZiwLDALT9",
                "-playOrder": "19",
                "navLabel": {
                    "text": "Unnamed"
                },
                "content": {
                    "-src": "OEBPS/00246-AU_Vo_Hiep_txt_split_020.xhtml"
                }
            },
            {
                "-id": "ubvErnpXfoxxMA6mnICvvh4",
                "-playOrder": "20",
                "navLabel": {
                    "text": "Unnamed"
                },
                "content": {
                    "-src": "OEBPS/00246-AU_Vo_Hiep_txt_split_021.xhtml"
                }
            },
            {
                "-id": "uzrNiOw4PIMb7doGYQYjxV3",
                "-playOrder": "21",
                "navLabel": {
                    "text": "Unnamed"
                },
                "content": {
                    "-src": "OEBPS/00246-AU_Vo_Hiep_txt_split_022.xhtml"
                }
            },
            {
                "-id": "uTgVS4UV9ZZmM4DbhrnCQBD",
                "-playOrder": "22",
                "navLabel": {
                    "text": "Unnamed"
                },
                "content": {
                    "-src": "OEBPS/00246-AU_Vo_Hiep_txt_split_023.xhtml"
                }
            },
            {
                "-id": "ujcqmgmG5w8z2E96gbRQfU4",
                "-playOrder": "23",
                "navLabel": {
                    "text": "Unnamed"
                },
                "content": {
                    "-src": "OEBPS/00246-AU_Vo_Hiep_txt_split_024.xhtml"
                }
            },
            {
                "-id": "ufGogjWRQqoDBN4oztlFHJ2",
                "-playOrder": "24",
                "navLabel": {
                    "text": "Unnamed"
                },
                "content": {
                    "-src": "OEBPS/00246-AU_Vo_Hiep_txt_split_025.xhtml"
                }
            },
            {
                "-id": "uuByxR4ZCFoFWgTGUWIEqVD",
                "-playOrder": "25",
                "navLabel": {
                    "text": "Unnamed"
                },
                "content": {
                    "-src": "OEBPS/00246-AU_Vo_Hiep_txt_split_026.xhtml"
                }
            },
            {
                "-id": "uALUQau8BSAOJFil8qGK7bA",
                "-playOrder": "26",
                "navLabel": {
                    "text": "Unnamed"
                },
                "content": {
                    "-src": "OEBPS/00246-AU_Vo_Hiep_txt_split_027.xhtml"
                }
            },
            {
                "-id": "u76pD9qWKMDmoaUULRApQLE",
                "-playOrder": "27",
                "navLabel": {
                    "text": "Unnamed"
                },
                "content": {
                    "-src": "OEBPS/00246-AU_Vo_Hiep_txt_split_028.xhtml"
                }
            },
            {
                "-id": "uGya6qbT9LQoJaLkE37AiK4",
                "-playOrder": "28",
                "navLabel": {
                    "text": "Unnamed"
                },
                "content": {
                    "-src": "OEBPS/00246-AU_Vo_Hiep_txt_split_029.xhtml"
                }
            },
            {
                "-id": "unsPfucSALg2GODvPvv6K3G",
                "-playOrder": "29",
                "navLabel": {
                    "text": "Unnamed"
                },
                "content": {
                    "-src": "OEBPS/00246-AU_Vo_Hiep_txt_split_030.xhtml"
                }
            },
            {
                "-id": "uZiIQdkSOnuGZYXqAkvJ8AF",
                "-playOrder": "30",
                "navLabel": {
                    "text": "Unnamed"
                },
                "content": {
                    "-src": "OEBPS/00246-AU_Vo_Hiep_txt_split_031.xhtml"
                }
            },
            {
                "-id": "upCicuepPl9la7WgwmOlUIF",
                "-playOrder": "31",
                "navLabel": {
                    "text": "Unnamed"
                },
                "content": {
                    "-src": "OEBPS/00246-AU_Vo_Hiep_txt_split_032.xhtml"
                }
            },
            {
                "-id": "uYdtfqfg7IBEGfVdQNe7CL5",
                "-playOrder": "32",
                "navLabel": {
                    "text": "Unnamed"
                },
                "content": {
                    "-src": "OEBPS/00246-AU_Vo_Hiep_txt_split_033.xhtml"
                }
            }
        ]
    }
}